Workbook

Sheet COMPETENCIAS )
A1: Validado (out/nov) e Realizado x Marcado 20 nov a 19 dez 2025 - (em 01 de dezembro)
A2: Municipio | B2: VALOR | C2: VALOR CONSULTA | D2: VALOR | E2: VALOR CONSULTA | F2: VALOR | G2: VALOR CONSULTA | H2: VALOR CONSULTA | I2: VALOR | J2: VALOR | K2: TOTAL GERAL | L2: CARGAS TOTAIS
A3: BR | B3: ='COMPETENCIA OUT A NOV'!C4+'COMPETENCIA NOV A DEZ 25'!C4+'COMPETENCIA DEZ A JAN 25'!C4 -> 128724.3 | C3: ='COMPETENCIA OUT A NOV'!E4+'COMPETENCIA NOV A DEZ 25'!E4+'COMPETENCIA DEZ A JAN 25'!E4 -> 3900 | D3: ='COMPETENCIA OUT A NOV'!G4+'COMPETENCIA NOV A DEZ 25'!G4+'COMPETENCIA DEZ A JAN 25'!G4 -> 7698.35 | E3: ='COMPETENCIA OUT A NOV'!I4+'COMPETENCIA NOV A DEZ 25'!I4+'COMPETENCIA DEZ A JAN 25'!I4 -> 900 | F3: ='COMPETENCIA OUT A NOV'!M4+'COMPETENCIA NOV A DEZ 25'!M4+'COMPETENCIA DEZ A JAN 25'!M4 -> 0 | G3: ='COMPETENCIA OUT A NOV'!O4+'COMPETENCIA NOV A DEZ 25'!O4+'COMPETENCIA DEZ A JAN 25'!O4 -> 0 | H3: ='COMPETENCIA OUT A NOV'!Q4+'COMPETENCIA NOV A DEZ 25'!Q4+'COMPETENCIA DEZ A JAN 25'!Q4 -> 4800 | I3: ='COMPETENCIA OUT A NOV'!S4+'COMPETENCIA NOV A DEZ 25'!S4+'COMPETENCIA DEZ A JAN 25'!S4 -> 136422.65 | J3: ='COMPETENCIA OUT A NOV'!T4+'COMPETENCIA NOV A DEZ 25'!T4+'COMPETENCIA DEZ A JAN 25'!T4 -> 141222.65 | K3: ='COMPETENCIA OUT A NOV'!U4+'COMPETENCIA NOV A DEZ 25'!U4+'COMPETENCIA DEZ A JAN 25'!U4 -> 171222.65 | L3: =K3-J3 -> 30000
A4: DC | B4: ='COMPETENCIA OUT A NOV'!C5+'COMPETENCIA NOV A DEZ 25'!C5+'COMPETENCIA DEZ A JAN 25'!C5 -> 0 | C4: ='COMPETENCIA OUT A NOV'!E5+'COMPETENCIA NOV A DEZ 25'!E5+'COMPETENCIA DEZ A JAN 25'!E5 -> 0 | D4: ='COMPETENCIA OUT A NOV'!G5+'COMPETENCIA NOV A DEZ 25'!G5+'COMPETENCIA DEZ A JAN 25'!G5 -> 114495.54 | E4: ='COMPETENCIA OUT A NOV'!I5+'COMPETENCIA NOV A DEZ 25'!I5+'COMPETENCIA DEZ A JAN 25'!I5 -> 4800 | F4: ='COMPETENCIA OUT A NOV'!M5+'COMPETENCIA NOV A DEZ 25'!M5+'COMPETENCIA DEZ A JAN 25'!M5 -> 0 | G4: ='COMPETENCIA OUT A NOV'!O5+'COMPETENCIA NOV A DEZ 25'!O5+'COMPETENCIA DEZ A JAN 25'!O5 -> 0 | H4: ='COMPETENCIA OUT A NOV'!Q5+'COMPETENCIA NOV A DEZ 25'!Q5+'COMPETENCIA DEZ A JAN 25'!Q5 -> 4800 | I4: ='COMPETENCIA OUT A NOV'!S5+'COMPETENCIA NOV A DEZ 25'!S5+'COMPETENCIA DEZ A JAN 25'!S5 -> 114495.54 | J4: ='COMPETENCIA OUT A NOV'!T5+'COMPETENCIA NOV A DEZ 25'!T5+'COMPETENCIA DEZ A JAN 25'!T5 -> 119295.54 | K4: ='COMPETENCIA OUT A NOV'!U5+'COMPETENCIA NOV A DEZ 25'!U5+'COMPETENCIA DEZ A JAN 25'!U5 -> 119295.54 | L4: =K4-J4 -> 0
A5: IT | B5: ='COMPETENCIA OUT A NOV'!C6+'COMPETENCIA NOV A DEZ 25'!C6+'COMPETENCIA DEZ A JAN 25'!C6 -> 10700 | C5: ='COMPETENCIA OUT A NOV'!E6+'COMPETENCIA NOV A DEZ 25'!E6+'COMPETENCIA DEZ A JAN 25'!E6 -> 300 | D5: ='COMPETENCIA OUT A NOV'!G6+'COMPETENCIA NOV A DEZ 25'!G6+'COMPETENCIA DEZ A JAN 25'!G6 -> 7698.35 | E5: ='COMPETENCIA OUT A NOV'!I6+'COMPETENCIA NOV A DEZ 25'!I6+'COMPETENCIA DEZ A JAN 25'!I6 -> 300 | F5: ='COMPETENCIA OUT A NOV'!M6+'COMPETENCIA NOV A DEZ 25'!M6+'COMPETENCIA DEZ A JAN 25'!M6 -> 27439.71 | G5: ='COMPETENCIA OUT A NOV'!O6+'COMPETENCIA NOV A DEZ 25'!O6+'COMPETENCIA DEZ A JAN 25'!O6 -> 1500 | H5: ='COMPETENCIA OUT A NOV'!Q6+'COMPETENCIA NOV A DEZ 25'!Q6+'COMPETENCIA DEZ A JAN 25'!Q6 -> 2100 | I5: ='COMPETENCIA OUT A NOV'!S6+'COMPETENCIA NOV A DEZ 25'!S6+'COMPETENCIA DEZ A JAN 25'!S6 -> 45838.06 | J5: ='COMPETENCIA OUT A NOV'!T6+'COMPETENCIA NOV A DEZ 25'!T6+'COMPETENCIA DEZ A JAN 25'!T6 -> 47938.06 | K5: ='COMPETENCIA OUT A NOV'!U6+'COMPETENCIA NOV A DEZ 25'!U6+'COMPETENCIA DEZ A JAN 25'!U6 -> 80000 | L5: =K5-J5 -> 32061.94
A6: JAP | B6: ='COMPETENCIA OUT A NOV'!C7+'COMPETENCIA NOV A DEZ 25'!C7+'COMPETENCIA DEZ A JAN 25'!C7 -> 43656.02 | C6: ='COMPETENCIA OUT A NOV'!E7+'COMPETENCIA NOV A DEZ 25'!E7+'COMPETENCIA DEZ A JAN 25'!E7 -> 1200 | D6: ='COMPETENCIA OUT A NOV'!G7+'COMPETENCIA NOV A DEZ 25'!G7+'COMPETENCIA DEZ A JAN 25'!G7 -> 36123.4 | E6: ='COMPETENCIA OUT A NOV'!I7+'COMPETENCIA NOV A DEZ 25'!I7+'COMPETENCIA DEZ A JAN 25'!I7 -> 1500 | F6: ='COMPETENCIA OUT A NOV'!M7+'COMPETENCIA NOV A DEZ 25'!M7+'COMPETENCIA DEZ A JAN 25'!M7 -> 13028.35 | G6: ='COMPETENCIA OUT A NOV'!O7+'COMPETENCIA NOV A DEZ 25'!O7+'COMPETENCIA DEZ A JAN 25'!O7 -> 600 | H6: ='COMPETENCIA OUT A NOV'!Q7+'COMPETENCIA NOV A DEZ 25'!Q7+'COMPETENCIA DEZ A JAN 25'!Q7 -> 3300 | I6: ='COMPETENCIA OUT A NOV'!S7+'COMPETENCIA NOV A DEZ 25'!S7+'COMPETENCIA DEZ A JAN 25'!S7 -> 92807.77 | J6: ='COMPETENCIA OUT A NOV'!T7+'COMPETENCIA NOV A DEZ 25'!T7+'COMPETENCIA DEZ A JAN 25'!T7 -> 96107.77 | K6: ='COMPETENCIA OUT A NOV'!U7+'COMPETENCIA NOV A DEZ 25'!U7+'COMPETENCIA DEZ A JAN 25'!U7 -> 114856.02 | L6: =K6-J6 -> 18748.25
A7: MG | B7: ='COMPETENCIA OUT A NOV'!C8+'COMPETENCIA NOV A DEZ 25'!C8+'COMPETENCIA DEZ A JAN 25'!C8 -> 15937.06 | C7: ='COMPETENCIA OUT A NOV'!E8+'COMPETENCIA NOV A DEZ 25'!E8+'COMPETENCIA DEZ A JAN 25'!E8 -> 300 | D7: ='COMPETENCIA OUT A NOV'!G8+'COMPETENCIA NOV A DEZ 25'!G8+'COMPETENCIA DEZ A JAN 25'!G8 -> 98159.06 | E7: ='COMPETENCIA OUT A NOV'!I8+'COMPETENCIA NOV A DEZ 25'!I8+'COMPETENCIA DEZ A JAN 25'!I8 -> 5100 | F7: ='COMPETENCIA OUT A NOV'!M8+'COMPETENCIA NOV A DEZ 25'!M8+'COMPETENCIA DEZ A JAN 25'!M8 -> 5330 | G7: ='COMPETENCIA OUT A NOV'!O8+'COMPETENCIA NOV A DEZ 25'!O8+'COMPETENCIA DEZ A JAN 25'!O8 -> 300 | H7: ='COMPETENCIA OUT A NOV'!Q8+'COMPETENCIA NOV A DEZ 25'!Q8+'COMPETENCIA DEZ A JAN 25'!Q8 -> 5700 | I7: ='COMPETENCIA OUT A NOV'!S8+'COMPETENCIA NOV A DEZ 25'!S8+'COMPETENCIA DEZ A JAN 25'!S8 -> 119426.12 | J7: ='COMPETENCIA OUT A NOV'!T8+'COMPETENCIA NOV A DEZ 25'!T8+'COMPETENCIA DEZ A JAN 25'!T8 -> 125126.12 | K7: ='COMPETENCIA OUT A NOV'!U8+'COMPETENCIA NOV A DEZ 25'!U8+'COMPETENCIA DEZ A JAN 25'!U8 -> 149389.89 | L7: =K7-J7 -> 24263.77
A8: MESQ | B8: ='COMPETENCIA OUT A NOV'!C9+'COMPETENCIA NOV A DEZ 25'!C9+'COMPETENCIA DEZ A JAN 25'!C9 -> 113377.04 | C8: ='COMPETENCIA OUT A NOV'!E9+'COMPETENCIA NOV A DEZ 25'!E9+'COMPETENCIA DEZ A JAN 25'!E9 -> 3600 | D8: ='COMPETENCIA OUT A NOV'!G9+'COMPETENCIA NOV A DEZ 25'!G9+'COMPETENCIA DEZ A JAN 25'!G9 -> 71399.89 | E8: ='COMPETENCIA OUT A NOV'!I9+'COMPETENCIA NOV A DEZ 25'!I9+'COMPETENCIA DEZ A JAN 25'!I9 -> 3600 | F8: ='COMPETENCIA OUT A NOV'!M9+'COMPETENCIA NOV A DEZ 25'!M9+'COMPETENCIA DEZ A JAN 25'!M9 -> 7698.35 | G8: ='COMPETENCIA OUT A NOV'!O9+'COMPETENCIA NOV A DEZ 25'!O9+'COMPETENCIA DEZ A JAN 25'!O9 -> 600 | H8: ='COMPETENCIA OUT A NOV'!Q9+'COMPETENCIA NOV A DEZ 25'!Q9+'COMPETENCIA DEZ A JAN 25'!Q9 -> 7800 | I8: ='COMPETENCIA OUT A NOV'!S9+'COMPETENCIA NOV A DEZ 25'!S9+'COMPETENCIA DEZ A JAN 25'!S9 -> 192475.28 | J8: ='COMPETENCIA OUT A NOV'!T9+'COMPETENCIA NOV A DEZ 25'!T9+'COMPETENCIA DEZ A JAN 25'!T9 -> 200275.28 | K8: ='COMPETENCIA OUT A NOV'!U9+'COMPETENCIA NOV A DEZ 25'!U9+'COMPETENCIA DEZ A JAN 25'!U9 -> 217919.47 | L8: =K8-J8 -> 17644.19
A9: NIL | B9: ='COMPETENCIA OUT A NOV'!C10+'COMPETENCIA NOV A DEZ 25'!C10+'COMPETENCIA DEZ A JAN 25'!C10 -> 0 | C9: ='COMPETENCIA OUT A NOV'!E10+'COMPETENCIA NOV A DEZ 25'!E10+'COMPETENCIA DEZ A JAN 25'!E10 -> 0 | D9: ='COMPETENCIA OUT A NOV'!G10+'COMPETENCIA NOV A DEZ 25'!G10+'COMPETENCIA DEZ A JAN 25'!G10 -> 9700 | E9: ='COMPETENCIA OUT A NOV'!I10+'COMPETENCIA NOV A DEZ 25'!I10+'COMPETENCIA DEZ A JAN 25'!I10 -> 900 | F9: ='COMPETENCIA OUT A NOV'!M10+'COMPETENCIA NOV A DEZ 25'!M10+'COMPETENCIA DEZ A JAN 25'!M10 -> 0 | G9: ='COMPETENCIA OUT A NOV'!O10+'COMPETENCIA NOV A DEZ 25'!O10+'COMPETENCIA DEZ A JAN 25'!O10 -> 300 | H9: ='COMPETENCIA OUT A NOV'!Q10+'COMPETENCIA NOV A DEZ 25'!Q10+'COMPETENCIA DEZ A JAN 25'!Q10 -> 1200 | I9: ='COMPETENCIA OUT A NOV'!S10+'COMPETENCIA NOV A DEZ 25'!S10+'COMPETENCIA DEZ A JAN 25'!S10 -> 9700 | J9: ='COMPETENCIA OUT A NOV'!T10+'COMPETENCIA NOV A DEZ 25'!T10+'COMPETENCIA DEZ A JAN 25'!T10 -> 10900 | K9: ='COMPETENCIA OUT A NOV'!U10+'COMPETENCIA NOV A DEZ 25'!U10+'COMPETENCIA DEZ A JAN 25'!U10 -> 40900 | L9: =K9-J9 -> 30000
A10: NIG | B10: ='COMPETENCIA OUT A NOV'!C11+'COMPETENCIA NOV A DEZ 25'!C11+'COMPETENCIA DEZ A JAN 25'!C11 -> 150978.38 | C10: ='COMPETENCIA OUT A NOV'!E11+'COMPETENCIA NOV A DEZ 25'!E11+'COMPETENCIA DEZ A JAN 25'!E11 -> 6600 | D10: ='COMPETENCIA OUT A NOV'!G11+'COMPETENCIA NOV A DEZ 25'!G11+'COMPETENCIA DEZ A JAN 25'!G11 -> 46225.12 | E10: ='COMPETENCIA OUT A NOV'!I11+'COMPETENCIA NOV A DEZ 25'!I11+'COMPETENCIA DEZ A JAN 25'!I11 -> 2400 | F10: ='COMPETENCIA OUT A NOV'!M11+'COMPETENCIA NOV A DEZ 25'!M11+'COMPETENCIA DEZ A JAN 25'!M11 -> 0 | G10: ='COMPETENCIA OUT A NOV'!O11+'COMPETENCIA NOV A DEZ 25'!O11+'COMPETENCIA DEZ A JAN 25'!O11 -> 0 | H10: ='COMPETENCIA OUT A NOV'!Q11+'COMPETENCIA NOV A DEZ 25'!Q11+'COMPETENCIA DEZ A JAN 25'!Q11 -> 9000 | I10: ='COMPETENCIA OUT A NOV'!S11+'COMPETENCIA NOV A DEZ 25'!S11+'COMPETENCIA DEZ A JAN 25'!S11 -> 197203.5 | J10: ='COMPETENCIA OUT A NOV'!T11+'COMPETENCIA NOV A DEZ 25'!T11+'COMPETENCIA DEZ A JAN 25'!T11 -> 206203.5 | K10: ='COMPETENCIA OUT A NOV'!U11+'COMPETENCIA NOV A DEZ 25'!U11+'COMPETENCIA DEZ A JAN 25'!U11 -> 220511.28 | L10: =K10-J10 -> 14307.78
A11: PARAC | B11: ='COMPETENCIA OUT A NOV'!C12+'COMPETENCIA NOV A DEZ 25'!C12+'COMPETENCIA DEZ A JAN 25'!C12 -> 0 | C11: ='COMPETENCIA OUT A NOV'!E12+'COMPETENCIA NOV A DEZ 25'!E12+'COMPETENCIA DEZ A JAN 25'!E12 -> 0 | D11: ='COMPETENCIA OUT A NOV'!G12+'COMPETENCIA NOV A DEZ 25'!G12+'COMPETENCIA DEZ A JAN 25'!G12 -> 30793.4 | E11: ='COMPETENCIA OUT A NOV'!I12+'COMPETENCIA NOV A DEZ 25'!I12+'COMPETENCIA DEZ A JAN 25'!I12 -> 1200 | F11: ='COMPETENCIA OUT A NOV'!M12+'COMPETENCIA NOV A DEZ 25'!M12+'COMPETENCIA DEZ A JAN 25'!M12 -> 28425.05 | G11: ='COMPETENCIA OUT A NOV'!O12+'COMPETENCIA NOV A DEZ 25'!O12+'COMPETENCIA DEZ A JAN 25'!O12 -> 1800 | H11: ='COMPETENCIA OUT A NOV'!Q12+'COMPETENCIA NOV A DEZ 25'!Q12+'COMPETENCIA DEZ A JAN 25'!Q12 -> 3000 | I11: ='COMPETENCIA OUT A NOV'!S12+'COMPETENCIA NOV A DEZ 25'!S12+'COMPETENCIA DEZ A JAN 25'!S12 -> 59218.45 | J11: ='COMPETENCIA OUT A NOV'!T12+'COMPETENCIA NOV A DEZ 25'!T12+'COMPETENCIA DEZ A JAN 25'!T12 -> 62218.45 | K11: ='COMPETENCIA OUT A NOV'!U12+'COMPETENCIA NOV A DEZ 25'!U12+'COMPETENCIA DEZ A JAN 25'!U12 -> 66525.05 | L11: =K11-J11 -> 4306.6
A12: QUEI | B12: ='COMPETENCIA OUT A NOV'!C13+'COMPETENCIA NOV A DEZ 25'!C13+'COMPETENCIA DEZ A JAN 25'!C13 -> 24250 | C12: ='COMPETENCIA OUT A NOV'!E13+'COMPETENCIA NOV A DEZ 25'!E13+'COMPETENCIA DEZ A JAN 25'!E13 -> 1500 | D12: ='COMPETENCIA OUT A NOV'!G13+'COMPETENCIA NOV A DEZ 25'!G13+'COMPETENCIA DEZ A JAN 25'!G13 -> 41574.12 | E12: ='COMPETENCIA OUT A NOV'!I13+'COMPETENCIA NOV A DEZ 25'!I13+'COMPETENCIA DEZ A JAN 25'!I13 -> 3600 | F12: ='COMPETENCIA OUT A NOV'!M13+'COMPETENCIA NOV A DEZ 25'!M13+'COMPETENCIA DEZ A JAN 25'!M13 -> 30813.76 | G12: ='COMPETENCIA OUT A NOV'!O13+'COMPETENCIA NOV A DEZ 25'!O13+'COMPETENCIA DEZ A JAN 25'!O13 -> 2100 | H12: ='COMPETENCIA OUT A NOV'!Q13+'COMPETENCIA NOV A DEZ 25'!Q13+'COMPETENCIA DEZ A JAN 25'!Q13 -> 7200 | I12: ='COMPETENCIA OUT A NOV'!S13+'COMPETENCIA NOV A DEZ 25'!S13+'COMPETENCIA DEZ A JAN 25'!S13 -> 96637.88 | J12: ='COMPETENCIA OUT A NOV'!T13+'COMPETENCIA NOV A DEZ 25'!T13+'COMPETENCIA DEZ A JAN 25'!T13 -> 103837.88 | K12: ='COMPETENCIA OUT A NOV'!U13+'COMPETENCIA NOV A DEZ 25'!U13+'COMPETENCIA DEZ A JAN 25'!U13 -> 137145.66 | L12: =K12-J12 -> 33307.78
A13: SJM | B13: ='COMPETENCIA OUT A NOV'!C14+'COMPETENCIA NOV A DEZ 25'!C14+'COMPETENCIA DEZ A JAN 25'!C14 -> 60732.98 | C13: ='COMPETENCIA OUT A NOV'!E14+'COMPETENCIA NOV A DEZ 25'!E14+'COMPETENCIA DEZ A JAN 25'!E14 -> 3000 | D13: ='COMPETENCIA OUT A NOV'!G14+'COMPETENCIA NOV A DEZ 25'!G14+'COMPETENCIA DEZ A JAN 25'!G14 -> 31713.91 | E13: ='COMPETENCIA OUT A NOV'!I14+'COMPETENCIA NOV A DEZ 25'!I14+'COMPETENCIA DEZ A JAN 25'!I14 -> 1200 | F13: ='COMPETENCIA OUT A NOV'!M14+'COMPETENCIA NOV A DEZ 25'!M14+'COMPETENCIA DEZ A JAN 25'!M14 -> 24250 | G13: ='COMPETENCIA OUT A NOV'!O14+'COMPETENCIA NOV A DEZ 25'!O14+'COMPETENCIA DEZ A JAN 25'!O14 -> 1500 | H13: ='COMPETENCIA OUT A NOV'!Q14+'COMPETENCIA NOV A DEZ 25'!Q14+'COMPETENCIA DEZ A JAN 25'!Q14 -> 5700 | I13: ='COMPETENCIA OUT A NOV'!S14+'COMPETENCIA NOV A DEZ 25'!S14+'COMPETENCIA DEZ A JAN 25'!S14 -> 116696.89 | J13: ='COMPETENCIA OUT A NOV'!T14+'COMPETENCIA NOV A DEZ 25'!T14+'COMPETENCIA DEZ A JAN 25'!T14 -> 122396.89 | K13: ='COMPETENCIA OUT A NOV'!U14+'COMPETENCIA NOV A DEZ 25'!U14+'COMPETENCIA DEZ A JAN 25'!U14 -> 151262.45 | L13: =K13-J13 -> 28865.56
A14: SERO | B14: ='COMPETENCIA OUT A NOV'!C15+'COMPETENCIA NOV A DEZ 25'!C15+'COMPETENCIA DEZ A JAN 25'!C15 -> 44348.24 | C14: ='COMPETENCIA OUT A NOV'!E15+'COMPETENCIA NOV A DEZ 25'!E15+'COMPETENCIA DEZ A JAN 25'!E15 -> 1800 | D14: ='COMPETENCIA OUT A NOV'!G15+'COMPETENCIA NOV A DEZ 25'!G15+'COMPETENCIA DEZ A JAN 25'!G15 -> 61607.16 | E14: ='COMPETENCIA OUT A NOV'!I15+'COMPETENCIA NOV A DEZ 25'!I15+'COMPETENCIA DEZ A JAN 25'!I15 -> 2700 | F14: ='COMPETENCIA OUT A NOV'!M15+'COMPETENCIA NOV A DEZ 25'!M15+'COMPETENCIA DEZ A JAN 25'!M15 -> 7698.35 | G14: ='COMPETENCIA OUT A NOV'!O15+'COMPETENCIA NOV A DEZ 25'!O15+'COMPETENCIA DEZ A JAN 25'!O15 -> 300 | H14: ='COMPETENCIA OUT A NOV'!Q15+'COMPETENCIA NOV A DEZ 25'!Q15+'COMPETENCIA DEZ A JAN 25'!Q15 -> 4800 | I14: ='COMPETENCIA OUT A NOV'!S15+'COMPETENCIA NOV A DEZ 25'!S15+'COMPETENCIA DEZ A JAN 25'!S15 -> 113653.75 | J14: ='COMPETENCIA OUT A NOV'!T15+'COMPETENCIA NOV A DEZ 25'!T15+'COMPETENCIA DEZ A JAN 25'!T15 -> 118453.75 | K14: ='COMPETENCIA OUT A NOV'!U15+'COMPETENCIA NOV A DEZ 25'!U15+'COMPETENCIA DEZ A JAN 25'!U15 -> 118453.75 | L14: =K14-J14 -> 0
A15: total | B15: ='COMPETENCIA OUT A NOV'!C16+'COMPETENCIA NOV A DEZ 25'!C16+'COMPETENCIA DEZ A JAN 25'!C16 -> 592704.02 | C15: ='COMPETENCIA OUT A NOV'!E16+'COMPETENCIA NOV A DEZ 25'!E16+'COMPETENCIA DEZ A JAN 25'!E16 -> 22200 | D15: ='COMPETENCIA OUT A NOV'!G16+'COMPETENCIA NOV A DEZ 25'!G16+'COMPETENCIA DEZ A JAN 25'!G16 -> 557188.3 | E15: ='COMPETENCIA OUT A NOV'!I16+'COMPETENCIA NOV A DEZ 25'!I16+'COMPETENCIA DEZ A JAN 25'!I16 -> 28200 | F15: ='COMPETENCIA OUT A NOV'!M16+'COMPETENCIA NOV A DEZ 25'!M16+'COMPETENCIA DEZ A JAN 25'!M16 -> 144683.57 | G15: ='COMPETENCIA OUT A NOV'!O16+'COMPETENCIA NOV A DEZ 25'!O16+'COMPETENCIA DEZ A JAN 25'!O16 -> 9000 | H15: ='COMPETENCIA OUT A NOV'!Q16+'COMPETENCIA NOV A DEZ 25'!Q16+'COMPETENCIA DEZ A JAN 25'!Q16 -> 59400 | I15: ='COMPETENCIA OUT A NOV'!S16+'COMPETENCIA NOV A DEZ 25'!S16+'COMPETENCIA DEZ A JAN 25'!S16 -> 1294575.9 | J15: ='COMPETENCIA OUT A NOV'!T16+'COMPETENCIA NOV A DEZ 25'!T16+'COMPETENCIA DEZ A JAN 25'!T16 -> 1353975.9 | K15: ='COMPETENCIA OUT A NOV'!U16+'COMPETENCIA NOV A DEZ 25'!U16+'COMPETENCIA DEZ A JAN 25'!U16 -> 1587481.8 | L15: =K15-J15 -> 233505.87
A17: Consultas | B17: =H15 -> 59400 | C17: =B17/B19*100 -> 4.3870796
A18: Cirurgia | B18: =I15 -> 1294575.9 | C18: =B18/B19*100 -> 95.61292
A19: total | B19: =SUM(B17:B18) -> 1353975.9 | C19: =SUM(C17:C18) -> 100
A21: % Saldo Gasto + Provisionado
A22: Gasto | B22: =J15 -> 1353975.9
A23: Saldo | B23: =B24-B22 -> 646024.11
A24: Total | B24: 2000000
B36: Neomater | C36: =B14 -> 44348.24
B37: Neotin | C37: =D14 -> 61607.16
B38: Segvision | C38: =#REF! -> #REF!
B39: Centro Pediatrico | C39: =F14 -> 7698.35

Sheet COMPETENCIA DEZ A JAN 25
A1: Agendados e Realizados 15 Dezembro a 19 Janeiro 2026
A2: Municipio | B2: Neomater | F2: Neotin | J2: SegVision | L2: Prontobaby | P2: CONSULTA | R2: CIRURGIA | T2: TOTAL GERAL | U2: Carga Destinada 2 competencia | V2: Saldo Remanescente da Primeira Competencia | W2: total de saldo cumulativo | X2: Saldo em 01 dezembro 2025 | Y2: Saldo Remanescente no sistema
B3: QTD | C3: VALOR | D3: QTD CONSULTA | E3: VALOR CONSULTA | F3: QTD | G3: VALOR | H3: QTD CONSULTA | I3: VALOR CONSULTA | J3: QTD | K3: VALOR | L3: QTD | M3: VALOR | N3: QTD CONSULTA | O3: VALOR CONSULTA | P3: QTD CONSULTA | Q3: VALOR CONSULTA | R3: QTD | S3: VALOR | U3: VALOR | V3: VALOR | W3: VALOR | X3: VALOR | Y3: VALOR | AA3: 2024
AA4: 212236.27
AA5: 234150.72
AA6: 134353.98
AA7: 200642.48
AA8: 195487.97
AA9: 227480.44
AA10: 54155.17
AA11: 279604.66
AA12: 0
AA13: 214091.96
AA14: 184393.59
AA15: 106346.28
AA16: 2042943.5

Sheet COMPETENCIA NOV A DEZ 25
A1: Validado 20 Novembro a 14 Dezembro 2025
A2: Municipio | B2: Neomater | F2: Neotin | J2: SegVision | L2: Prontobaby | P2: CONSULTA | R2: CIRURGIA | T2: TOTAL GERAL | U2: Carga Destinada 2 competencia | V2: Saldo Remanescente da Primeira Competencia | W2: total de saldo cumulativo | X2: Saldo em 01 dezembro 2025 | Y2: Saldo Remanescente no sistema
B3: QTD | C3: VALOR | D3: QTD CONSULTA | E3: VALOR CONSULTA | F3: QTD | G3: VALOR | H3: QTD CONSULTA | I3: VALOR CONSULTA | J3: QTD | K3: VALOR | L3: QTD | M3: VALOR | N3: QTD CONSULTA | O3: VALOR CONSULTA | P3: QTD CONSULTA | Q3: VALOR CONSULTA | R3: QTD | S3: VALOR | U3: VALOR | V3: VALOR | W3: VALOR | X3: VALOR | Y3: VALOR | AA3: 2024
A4: BR | B4: 7 | C4: 37482.98 | D4: 4 | E4: 1200 | F4: 1 | G4: 7698.35 | H4: 1 | I4: 300 | L4: 0 | M4: 0 | N4: 0 | O4: 0 | P4: =D4+H4+N4 -> 5 | Q4: =E4+I4+O4 -> 1500 | R4: =B4+F4+L4 -> 8 | S4: =C4+G4+M4 -> 45181.33 | T4: =Q4+S4 -> 46681.33 | U4: =55464.7-8381.61 -> 47083.09 | V4: ='COMPETENCIA OUT A NOV'!V4 -> 29598.24 | W4: =U4+V4 -> 76681.33 | X4: =W4-T4 -> 30000 | AA4: 212236.27
A5: DC | B5: 0 | C5: 0 | D5: 0 | E5: 0 | F5: 8 | G5: 58630.78 | H5: 4 | I5: 1200 | L5: 0 | M5: 0 | N5: 0 | O5: 0 | P5: =D5+H5+N5 -> 4 | Q5: =E5+I5+O5 -> 1200 | R5: =B5+F5+L5 -> 8 | S5: =C5+G5+M5 -> 58630.78 | T5: =Q5+S5 -> 59830.78 | U5: =11766.41+7529.13 -> 19295.54 | V5: ='COMPETENCIA OUT A NOV'!V5 -> 40535.24 | W5: =U5+V5 -> 59830.78 | X5: =W5-T5 -> 0 | AA5: 234150.72
A6: IT | B6: 0 | C6: 0 | D6: 0 | E6: 0 | F6: 1 | G6: 7698.35 | H6: 1 | I6: 300 | L6: 4 | M6: 27439.71 | N6: 5 | O6: 1500 | P6: =D6+H6+N6 -> 6 | Q6: =E6+I6+O6 -> 1800 | R6: =B6+F6+L6 -> 5 | S6: =C6+G6+M6 -> 35138.06 | T6: =Q6+S6 -> 36938.06 | U6: 0 | V6: ='COMPETENCIA OUT A NOV'!V6 -> 69000 | W6: =U6+V6 -> 69000 | X6: =W6-T6 -> 32061.94 | AA6: 134353.98
A7: JAP | B7: 0 | C7: 0 | D7: 0 | E7: 0 | F7: 5 | G7: 36123.4 | H7: 5 | I7: 1500 | L7: 2 | M7: 13028.35 | N7: 2 | O7: 600 | P7: =D7+H7+N7 -> 7 | Q7: =E7+I7+O7 -> 2100 | R7: =B7+F7+L7 -> 7 | S7: =C7+G7+M7 -> 49151.75 | T7: =Q7+S7 -> 51251.75 | U7: 34856.02 | V7: 35143.98 | W7: =U7+V7 -> 70000 | X7: =W7-T7 -> 18748.25 | AA7: 200642.48
A8: MG | B8: 3 | C8: 15937.06 | D8: 1 | E8: 300 | F8: 3 | G8: 15324.12 | H8: 1 | I8: 300 | L8: 1 | M8: 5330 | N8: 1 | O8: 300 | P8: =D8+H8+N8 -> 3 | Q8: =E8+I8+O8 -> 900 | R8: =B8+F8+L8 -> 7 | S8: =C8+G8+M8 -> 36591.18 | T8: =Q8+S8 -> 37491.18 | U8: 26165.39 | V8: ='COMPETENCIA OUT A NOV'!V8 -> 35589.56 | W8: =U8+V8 -> 61754.95 | X8: =W8-T8 -> 24263.77 | AA8: 195487.97
A9: MESQ | B9: 8 | C9: 47253.7 | D9: 4 | E9: 1200 | F9: 3 | G9: 20633.76 | H9: 3 | I9: 900 | L9: 1 | M9: 7698.35 | N9: 2 | O9: 600 | P9: =D9+H9+N9 -> 9 | Q9: =E9+I9+O9 -> 2700 | R9: =B9+F9+L9 -> 12 | S9: =C9+G9+M9 -> 75585.81 | T9: =Q9+S9 -> 78285.81 | U9: 90000 | V9: ='COMPETENCIA OUT A NOV'!V9 -> 5930 | W9: =U9+V9 -> 95930 | X9: =W9-T9 -> 17644.19 | AA9: 227480.44
A10: NIL | B10: 0 | C10: 0 | D10: 0 | E10: 0 | F10: 0 | G10: 0 | H10: 0 | I10: 0 | L10: 0 | M10: 0 | N10: 0 | O10: 0 | P10: =D10+H10+N10 -> 0 | Q10: =E10+I10+O10 -> 0 | R10: =B10+F10+L10 -> 0 | S10: =C10+G10+M10 -> 0 | T10: =Q10+S10 -> 0 | U10: =-39100 -> -39100 | V10: ='COMPETENCIA OUT A NOV'!V10 -> 69100 | W10: =U10+V10 -> 30000 | X10: =W10-T10 -> 30000 | AA10: 54155.17
A11: NIG | B11: 17 | C11: 90933.54 | D11: 14 | E11: 4200 | F11: 2 | G11: 11087.06 | H11: 3 | I11: 900 | L11: 0 | M11: 0 | N11: 0 | O11: 0 | P11: =D11+H11+N11 -> 17 | Q11: =E11+I11+O11 -> 5100 | R11: =B11+F11+L11 -> 19 | S11: =C11+G11+M11 -> 102020.6 | T11: =Q11+S11 -> 107120.6 | U11: =87956.99+21181.78+246.6 -> 109385.37 | V11: ='COMPETENCIA OUT A NOV'!V11 -> 12043.01 | W11: =U11+V11 -> 121428.38 | X11: =W11-T11 -> 14307.78 | AA11: 279604.66
A12: PARAC | B12: 0 | C12: 0 | D12: 0 | E12: 0 | F12: 4 | G12: 30793.4 | H12: 3 | I12: 900 | L12: 0 | M12: 0 | N12: 0 | O12: 0 | P12: =D12+H12+N12 -> 3 | Q12: =E12+I12+O12 -> 900 | R12: =B12+F12+L12 -> 4 | S12: =C12+G12+M12 -> 30793.4 | T12: =Q12+S12 -> 31693.4 | U12: 12904.95 | V12: ='COMPETENCIA OUT A NOV'!V12 -> 23095.05 | W12: =U12+V12 -> 36000 | X12: =W12-T12 -> 4306.6 | AA12: 0
A13: QUEI | B13: 4 | C13: 19400 | D13: 4 | E13: 1200 | F13: 2 | G13: 10700 | H13: 5 | I13: 1500 | L13: 3 | M13: 20726.7 | N13: 3 | O13: 900 | P13: =D13+H13+N13 -> 12 | Q13: =E13+I13+O13 -> 3600 | R13: =B13+F13+L13 -> 9 | S13: =C13+G13+M13 -> 50826.7 | T13: =Q13+S13 -> 54426.7 | U13: =23387.06+124.12+13634.48 -> 37145.66 | V13: ='COMPETENCIA OUT A NOV'!V13 -> 50588.82 | W13: =U13+V13 -> 87734.48 | X13: =W13-T13 -> 33307.78 | AA13: 214091.96
A14: SJM | B14: 7 | C14: 34724.12 | D14: 6 | E14: 1800 | F14: 2 | G14: 12007.78 | H14: 0 | I14: 0 | L14: 0 | M14: 0 | N14: 0 | O14: 0 | P14: =D14+H14+N14 -> 6 | Q14: =E14+I14+O14 -> 1800 | R14: =B14+F14+L14 -> 9 | S14: =C14+G14+M14 -> 46731.9 | T14: =Q14+S14 -> 48531.9 | U14: =45458.86+2797.46 -> 48256.32 | V14: ='COMPETENCIA OUT A NOV'!V14 -> 29141.14 | W14: =U14+V14 -> 77397.46 | X14: =W14-T14 -> 28865.56 | AA14: 184393.59
A15: SERO | B15: 2 | C15: 11700 | D15: 2 | E15: 600 | F15: 8 | G15: 56370.1 | H15: 8 | I15: 2400 | L15: 1 | M15: 7698.35 | N15: 1 | O15: 300 | P15: =D15+H15+N15 -> 11 | Q15: =E15+I15+O15 -> 3300 | R15: =B15+F15+L15 -> 11 | S15: =C15+G15+M15 -> 75768.45 | T15: =Q15+S15 -> 79068.45 | U15: =66235.3+1346.41+872.04 -> 68453.75 | V15: ='COMPETENCIA OUT A NOV'!V15 -> 10614.7 | W15: =U15+V15 -> 79068.45 | X15: =W15-T15 -> 0 | AA15: 106346.28
A16: total | B16: =SUM(B4:B15) -> 48 | C16: =SUM(C4:C15) -> 257431.4 | D16: =SUM(D4:D15) -> 35 | E16: =SUM(E4:E15) -> 10500 | F16: =SUM(F4:F15) -> 39 | G16: =SUM(G4:G15) -> 267067.1 | H16: =SUM(H4:H15) -> 34 | I16: =SUM(I4:I15) -> 10200 | L16: =SUM(L4:L15) -> 12 | M16: =SUM(M4:M15) -> 81921.46 | N16: =SUM(N4:N15) -> 14 | O16: =SUM(O4:O15) -> 4200 | P16: =SUM(P4:P15) -> 83 | Q16: =SUM(Q4:Q15) -> 24900 | R16: =SUM(R4:R15) -> 99 | S16: =SUM(S4:S15) -> 606419.96 | ... V16: =SUM(V4:V15) -> 410379.74 | W16: =U16+V16 -> 864825.83 | X16: =W16-T16 -> 233505.87 | Y16: =SUM(Y4:Y15) -> 0 | AA16: 2042943.5

Sheet COMPETENCIA  OUT A NOV
A1: Validado 20 outubro a 19 novembro 2025
A2: Municipio | B2: Neomater | F2: Neotin | J2: SegVision | L2: Prontobaby | P2: CONSULTA | R2: CIRURGIA | T2: TOTAL GERAL | U2: Carga Destinada | V2: Saldo Remanescente da Primeira Competencia | W2: Saldo Remanescente no sistema
C3: VALOR | D3: QTD CONSULTA | E3: VALOR CONSULTA | F3: QTD | G3: VALOR | H3: QTD CONSULTA | I3: VALOR CONSULTA | J3: QTD | K3: VALOR | L3: QTD | M3: VALOR | N3: QTD CONSULTA | O3: VALOR CONSULTA | P3: QTD CONSULTA | Q3: VALOR CONSULTA | R3: QTD | S3: VALOR | U3: VALOR | V3: VALOR | W3: VALOR | X3: 2024
A4: BR | B4: 17 | C4: 91241.32 | D4: 9 | E4: 2700 | F4: 0 | H4: 2 | I4: 600 | L4: 0 | M4: 0 | N4: 0 | O4: 0 | P4: =D4+H4+N4 -> 11 | Q4: =E4+I4+O4 -> 3300 | R4: =B4+F4+L4 -> 17 | S4: =C4+G4+M4 -> 91241.32 | T4: =Q4+S4 -> 94541.32 | U4: =100000+12159.54+1505.9+10474.12 -> 124139.56 | V4: =U4-T4 -> 29598.24 | X4: 212236.27
A5: DC | B5: =-C5 -> 0 | C5: 0 | D5: =E5/300 -> 0 | E5: 0 | F5: 8 | G5: 55864.76 | H5: 12 | I5: 3600 | L5: 0 | M5: 0 | N5: 0 | O5: 0 | P5: =D5+H5+N5 -> 12 | Q5: =E5+I5+O5 -> 3600 | R5: =B5+F5+L5 -> 8 | S5: =C5+G5+M5 -> 55864.76 | T5: =Q5+S5 -> 59464.76 | U5: =100000 -> 100000 | V5: =U5-T5 -> 40535.24 | X5: 234150.72
A6: IT | B6: 2 | C6: 10700 | D6: 1 | E6: 300 | F6: 0 | H6: 0 | I6: 0 | L6: 0 | M6: 0 | N6: 0 | O6: 0 | P6: =D6+H6+N6 -> 1 | Q6: =E6+I6+O6 -> 300 | R6: =B6+F6+L6 -> 2 | S6: =C6+G6+M6 -> 10700 | T6: =Q6+S6 -> 11000 | U6: 80000 | V6: =U6-T6 -> 69000 | X6: 134353.98
A7: JAP | B7: 8 | C7: 43656.02 | D7: =E7/300 -> 4 | E7: 1200 | F7: 0 | H7: 0 | I7: 0 | L7: 0 | M7: 0 | N7: 0 | O7: 0 | P7: =D7+H7+N7 -> 4 | Q7: =E7+I7+O7 -> 1200 | R7: =B7+F7+L7 -> 8 | S7: =C7+G7+M7 -> 43656.02 | T7: =Q7+S7 -> 44856.02 | U7: 80000 | V7: =U7-T7 -> 35143.98 | X7: 200642.48
A8: MG | B8: 0 | C8: 0 | D8: =E8/300 -> 0 | E8: 0 | F8: 13 | G8: 82834.94 | H8: 16 | I8: 4800 | L8: 0 | M8: 0 | N8: 0 | O8: 0 | P8: =D8+H8+N8 -> 16 | Q8: =E8+I8+O8 -> 4800 | R8: =B8+F8+L8 -> 13 | S8: =C8+G8+M8 -> 82834.94 | T8: =Q8+S8 -> 87634.94 | U8: =100000+6725.55+4736.7+11762.25 -> 123224.5 | V8: =U8-T8 -> 35589.56 | X8: 195487.97
A9: MESQ | B9: 12 | C9: 66123.34 | D9: 8 | E9: 2400 | F9: 9 | G9: 50766.13 | H9: 9 | I9: 2700 | L9: 0 | M9: 0 | N9: 0 | O9: 0 | P9: =D9+H9+N9 -> 17 | Q9: =E9+I9+O9 -> 5100 | R9: =B9+F9+L9 -> 21 | S9: =C9+G9+M9 -> 116889.47 | T9: =Q9+S9 -> 121989.47 | U9: =100000+290+2368.35+7398.35+11712.77+5539.94+610.06 -> 127919.47 | V9: =U9-T9 -> 5930 | X9: 227480.44
A10: NIL | B10: 0 | C10: 0 | D10: =E10/300 -> 0 | E10: 0 | F10: 2 | G10: 9700 | H10: 3 | I10: 900 | L10: 0 | M10: 0 | N10: 1 | O10: 300 | P10: =D10+H10+N10 -> 4 | Q10: =E10+I10+O10 -> 1200 | R10: =B10+F10+L10 -> 2 | S10: =C10+G10+M10 -> 9700 | T10: =Q10+S10 -> 10900 | U10: 80000 | V10: =U10-T10 -> 69100 | X10: 54155.17
A11: NIG | B11: 11 | C11: 60044.84 | D11: =E11/300 -> 8 | E11: 2400 | F11: 5 | G11: 35138.06 | H11: 5 | I11: 1500 | L11: 0 | M11: 0 | N11: 0 | O11: 0 | P11: =D11+H11+N11 -> 13 | Q11: =E11+I11+O11 -> 3900 | R11: =B11+F11+L11 -> 16 | S11: =C11+G11+M11 -> 95182.9 | T11: =Q11+S11 -> 99082.9 | U11: =100000+11125.91 -> 111125.91 | V11: =U11-T11 -> 12043.01 | X11: 279604.66
A12: PARAC | B12: 0 | C12: 0 | D12: =E12/300 -> 0 | E12: 0 | F12: 0 | H12: 1 | I12: 300 | L12: 4 | M12: 28425.05 | N12: 6 | O12: 1800 | P12: =D12+H12+N12 -> 7 | Q12: =E12+I12+O12 -> 2100 | R12: =B12+F12+L12 -> 4 | S12: =C12+G12+M12 -> 28425.05 | T12: =Q12+S12 -> 30525.05 | U12: =50000+3620.1 -> 53620.1 | V12: =U12-T12 -> 23095.05 | X12: 0
A13: QUEI | B13: 1 | C13: 4850 | D13: =E13/300 -> 1 | E13: 300 | F13: 6 | G13: 30874.12 | H13: 7 | I13: 2100 | L13: 2 | M13: 10087.06 | N13: 4 | O13: 1200 | P13: =D13+H13+N13 -> 12 | Q13: =E13+I13+O13 -> 3600 | R13: =B13+F13+L13 -> 9 | S13: =C13+G13+M13 -> 45811.18 | T13: =Q13+S13 -> 49411.18 | U13: =100000 -> 100000 | V13: =U13-T13 -> 50588.82 | X13: 214091.96
A14: SJM | B14: 5 | C14: 26008.86 | D14: 4 | E14: 1200 | F14: 3 | G14: 19706.13 | H14: 4 | I14: 1200 | L14: 5 | M14: 24250 | N14: 5 | O14: 1500 | P14: =D14+H14+N14 -> 13 | Q14: =E14+I14+O14 -> 3900 | R14: =B14+F14+L14 -> 13 | S14: =C14+G14+M14 -> 69964.99 | T14: =Q14+S14 -> 73864.99 | U14: =100000+3006.13 -> 103006.13 | V14: =U14-T14 -> 29141.14 | X14: 184393.59
A15: SERO | B15: 6 | C15: 32648.24 | D15: 4 | E15: 1200 | F15: 1 | G15: 5237.06 | H15: 1 | I15: 300 | L15: 0 | M15: 0 | N15: 0 | O15: 0 | P15: =D15+H15+N15 -> 5 | Q15: =E15+I15+O15 -> 1500 | R15: =B15+F15+L15 -> 7 | S15: =C15+G15+M15 -> 37885.3 | T15: =Q15+S15 -> 39385.3 | U15: 50000 | V15: =U15-T15 -> 10614.7 | X15: 106346.28
A16: total | B16: =SUM(B4:B15) -> 62 | C16: =SUM(C4:C15) -> 335272.62 | D16: =SUM(D4:D15) -> 39 | E16: =SUM(E4:E15) -> 11700 | F16: =SUM(F4:F15) -> 47 | G16: =SUM(G4:G15) -> 290121.2 | H16: =SUM(H4:H15) -> 60 | I16: =SUM(I4:I15) -> 18000 | L16: =SUM(L4:L15) -> 11 | M16: =SUM(M4:M15) -> 62762.11 | N16: =SUM(N4:N15) -> 16 | O16: =SUM(O4:O15) -> 4800 | P16: =SUM(P4:P15) -> 115 | Q16: =SUM(Q4:Q15) -> 34500 | R16: =SUM(R4:R15) -> 120 | S16: =SUM(S4:S15) -> 688155.93 | ... W16: =SUM(W4:W15) -> 0 | X16: 2042943.5
